,mean,std,min,max
PST_PI,1739.4920509199997,0.18335016711182203,1738.8937799999999,1740.15127
IMB_08_PI,1739.4841639600002,0.17490826422503286,1738.83687,1740.21979
IMB_06_PI,1679.5732646100023,0.21822661281840233,1678.8009999999997,1680.2007800000001
PST_RESC_PI,1649.6402206800003,0.8671619628575619,1646.9571899999999,1652.9066800000003
PST_ALT_PI,1649.613071759999,0.8741658041934148,1646.8079500000001,1652.17448
RCT_PI,1649.6105104099995,0.22161748515687227,1648.9620300000004,1650.27688
