,mean,std,min,max
PST,1747.8506076799988,0.37876689862302654,1746.56863,1748.79987
IMB_08,1739.5022637699985,0.17064607042189742,1738.95273,1740.00434
IMB_06,1679.4788712199972,0.22271656640372026,1678.7492200000002,1680.19311
PST_ALT,1662.9519902200013,3.860942016677757,1650.04853,1674.6736599999997
PST_RESC,1656.2611616,2.0824666832526537,1650.03271,1662.2056499999999
RCT,1649.4710900500017,0.2074968431620555,1648.8670900000002,1650.1617
