,mean,std,min,max
PST_RESC,0.09218386303626235,0.07183089411577281,0.00011049080879388384,0.4742757639982145
RCT,0.09303268666666697,0.06836342751116975,0.0003870000000034679,0.3399349999999899
IMB_06,0.09495660972222263,0.07431107398399804,7.89444444393439e-05,0.40851699999999624
IMB_08,0.11332462666666691,0.08691778152786434,6.999999975221272e-06,0.48717966666666257
PST_ALT,0.2910781998332841,0.20685037023512778,0.0007409384544843078,0.8892466426719849
PST,0.5950486080804902,0.5375104777602089,0.0007795200422151538,2.161292724499269
